"","Product image","Action","Product","Business Location","Unit Purchase Price","Selling Price","Current stock","Product Type","Category","Brand","Tax","SKU"
"","","ActionsToggle Dropdown Labels View Edit Delete Add or edit opening stock Product stock history Add or edit Group Prices Duplicate Product","10kVA Line-interactive UPS DS-UPS10K-R/TJL(O-STD)/IEC","Armazen, TECHSOL SU LDA, Montra","90,000.00","100,000.00","1","Single","UPS","Techsol","","DS-UPS10K-R/TJL(O-STD)/IEC"
"","","ActionsToggle Dropdown Labels View Edit Delete Add or edit opening stock Product stock history Add or edit Group Prices Duplicate Product","128CH 2U 8HDDs WizMind Network Video Recorder","Armazen, TECHSOL SU LDA, Montra","138,030.00","276,060.00","0","Single","","Dahua","","DHI-NVR608H-128XL"
"","","ActionsToggle Dropdown Labels View Edit Delete Add or edit opening stock Product stock history Add or edit Group Prices Duplicate Product","16CH 1U 16PoE 2HDDs Lite Network Video Recorder","Armazen, TECHSOL SU LDA, Montra","12,900.00","20,640.00","9","Single","NVR IP","Dahua","","DHI-NVR2216-16P-4KS3"
"","","ActionsToggle Dropdown Labels View Edit Delete Add or edit opening stock Product stock history Add or edit Group Prices Duplicate Product","16CH 1U 16PoE 2HDDs WizSense Network Video Recorder NVR5216-16P-EI2","Armazen, TECHSOL SU LDA, Montra","25,755.00","45,071.25","0","Single","NVR IP","Dahua","","NVR5216-16P-EI2"
"","","ActionsToggle Dropdown Labels View Edit Delete Add or edit opening stock Product stock history Add or edit Group Prices Duplicate Product","16CH Penta-brid 4K Value/5MP Mini 1U 1HDD WizSense Digital Video Recorder","Armazen, TECHSOL SU LDA, Montra","12,560.00","21,980.00","0","Single","XVR/DVR","Dahua","","XVR5116H-4KL-I3/T"
"","","ActionsToggle Dropdown Labels View Edit Delete Add or edit opening stock Product stock history Add or edit Group Prices Duplicate Product","16Port PoE + 2Port Sfp + 2Port Ethernet Gigabit Switch TEG1120P-16-250W","Armazen, TECHSOL SU LDA, Montra","8,372.50","10,884.25","0","Single","Switch Gigabit POE","Tenda","","TEG1120P-16-250W"
"","","ActionsToggle Dropdown Labels View Edit Delete Add or edit opening stock Product stock history Add or edit Group Prices Duplicate Product","16Ports POE 18GE+2SFP Cloud Managed Switch TEG2220P-16-250W","Armazen, TECHSOL SU LDA, Montra","8,372.50","11,820.00","2","Single","Switch Gigabit POE","Tenda","","TEG2220P-16-250W"
"","","ActionsToggle Dropdown Labels View Edit Delete Add or edit opening stock Product stock history Add or edit Group Prices Duplicate Product","18CH 12V15A Power supply 180W, UPS (PS412V15A18)","Armazen, TECHSOL SU LDA, Montra","3,100.00","4,030.00","1","Single","Fonte de Energia","Pro-Hunter","","PS412V15A18"
"","","ActionsToggle Dropdown Labels View Edit Delete Add or edit opening stock Product stock history Add or edit Group Prices Duplicate Product","18U Rack Cabinet 600mmx600mmx990mm","Armazen, TECHSOL SU LDA, Montra","5,082.00","8,385.00","0","Single","Bastidor","Dahua","","DH-PFC200D-18U6D-B"
"","","ActionsToggle Dropdown Labels View Edit Delete Add or edit opening stock Product stock history Add or edit Group Prices Duplicate Product","19” 18Uc Rack Cabinet 600mmx600mmx990mm","Armazen, TECHSOL SU LDA, Montra","1,420.00","2,345.00","0","Single","Bastidor","Dahua","","DH-PFC200D-18U6D-C"
"","","ActionsToggle Dropdown Labels View Edit Delete Add or edit opening stock Product stock history Add or edit Group Prices Duplicate Product","19” 42U Rack Cabinet 600mmx800mmx2055mm","Armazen, TECHSOL SU LDA, Montra","9,865.00","16,300.00","2","Single","Bastidor","Dahua","","DH-PFC200D-42U8D-B"
"","","ActionsToggle Dropdown Labels View Edit Delete Add or edit opening stock Product stock history Add or edit Group Prices Duplicate Product","19” 42UA Rack Cabinet 600mmx800mmx2055mm","Armazen, TECHSOL SU LDA, Montra","5,082.00","8,385.30","2","Single","Bastidor","Dahua","","DH-PFC200D-42U8D-A"
"","","ActionsToggle Dropdown Labels View Edit Delete Add or edit opening stock Product stock history Add or edit Group Prices Duplicate Product","19” 42Uc Rack Cabine 600mmx800mmx2055mm","Armazen, TECHSOL SU LDA, Montra","2,242.00","3,700.00","2","Single","Bastidor","Dahua","","DH-PFC200D-42U8D-C"
"","","ActionsToggle Dropdown Labels View Edit Delete Add or edit opening stock Product stock history Add or edit Group Prices Duplicate Product","19” 6U Rack Cabinet 600mmx450mmx372mm","Armazen, TECHSOL SU LDA, Montra","3,363.00","5,550.00","1","Single","Bastidor","Dahua","","DH-PFC200D-6U4D"
"","","ActionsToggle Dropdown Labels View Edit Delete Add or edit opening stock Product stock history Add or edit Group Prices Duplicate Product","19” 9U Rack Cabinet 600mmx450mmx505mm","Armazen, TECHSOL SU LDA, Montra","3,811.00","6,290.00","1","Single","Bastidor","Dahua","","DH-PFC200D-9U4D"
"","","ActionsToggle Dropdown Labels View Edit Delete Add or edit opening stock Product stock history Add or edit Group Prices Duplicate Product","1KByte S50 IC Card","Armazen, TECHSOL SU LDA, Montra","60.00","69.00","0","Single","Access Control Accessories","Zkteco","","1KByte S50 IC Card , ZKTECO"
"","","ActionsToggle Dropdown Labels View Edit Delete Add or edit opening stock Product stock history Add or edit Group Prices Duplicate Product","1m UTP CAT6 RJ45 Patch Cord","Armazen, TECHSOL SU LDA, Montra","60.00","120.00","0","Single","Cabo UTP Cat6","Dahua","","PFM972-6U-1"
"","","ActionsToggle Dropdown Labels View Edit Delete Add or edit opening stock Product stock history Add or edit Group Prices Duplicate Product","2 × 4 MP Dual-Directional WizMind Network Camera IPC-HDBW5441F-AS-E2","Armazen, TECHSOL SU LDA, Montra","12,580.00","22,015.00","0","Single","Camera IPC","Dahua","","IPC-HDBW5441F-AS-E2"
"","","ActionsToggle Dropdown Labels View Edit Delete Add or edit opening stock Product stock history Add or edit Group Prices Duplicate Product","2 Speed Hydraulic Door Closer 120kg Zkteco","Armazen, TECHSOL SU LDA, Montra","1,530.00","2,070.00","20","Single","Access Control","Zkteco","","DC80120L"
"","","ActionsToggle Dropdown Labels View Edit Delete Add or edit opening stock Product stock history Add or edit Group Prices Duplicate Product","2 wires Addressable Multi-sensor Smoke and Heat Detector (without base)","Armazen, TECHSOL SU LDA, Montra","770.80","1,348.90","0","Single","Addressable Fire Alarm Products","Dahua","","DHI-HY-1320-CTXF"
"","","ActionsToggle Dropdown Labels View Edit Delete Add or edit opening stock Product stock history Add or edit Group Prices Duplicate Product","2×4MP Full-color Duo Splicing WizMind Network Camera IPC-PDW5849-A180-E2-AST","Armazen, TECHSOL SU LDA, Montra","18,530.00","32,427.50","0","Single","Camera IPC","Dahua","","IPC-PDW5849-A180-E2-ASTE"
"","","ActionsToggle Dropdown Labels View Edit Delete Add or edit opening stock Product stock history Add or edit Group Prices Duplicate Product","24Port PoE + 2Port Sfp + 2Port Ethernet Gigabit Switch TEG1128P-24-410W","Armazen, TECHSOL SU LDA, Montra","11,262.50","14,078.13","3","Single","Switch Gigabit POE","Tenda","","TEG1128P-24-410W"
"","","ActionsToggle Dropdown Labels View Edit Delete Add or edit opening stock Product stock history Add or edit Group Prices Duplicate Product","24Ports L3 Cloud Managed PoE Switch TEG5328P-24-410W","Armazen, TECHSOL SU LDA, Montra","18,000.00","22,500.00","0","Single","Switch Gigabit POE","Tenda","","TEG5328P-24-410W"
"","","ActionsToggle Dropdown Labels View Edit Delete Add or edit opening stock Product stock history Add or edit Group Prices Duplicate Product","24Ports Network L3 Managed Switch TEG5328F","Armazen, TECHSOL SU LDA, Montra","8,160.00","12,240.00","0","Single","Switch Gigabit Ethernet","Tenda","","TEG5328F"
"","","ActionsToggle Dropdown Labels View Edit Delete Add or edit opening stock Product stock history Add or edit Group Prices Duplicate Product","24Ports POE 24FE+2GE/1SFP Switch TEF1126P-24-250W","Armazen, TECHSOL SU LDA, Montra","10,280.00","12,850.00","0","Single","Switch Gigabit POE","Tenda","","TEF1126P-24-250W"
"","","ActionsToggle Dropdown Labels View Edit Delete Add or edit opening stock Product stock history Add or edit Group Prices Duplicate Product","2MP 2.4GHZ WIFI INDOOR CAMERA AUTO TRACKING EZVIZ C6N(H6C","Armazen, TECHSOL SU LDA, Montra","2,000.00","2,200.00","0","Single","Camera Wi-Fi","EZVIZ","","EZVIZ C6N(H6C)"
"","","ActionsToggle Dropdown Labels View Edit Delete Add or edit opening stock Product stock history Add or edit Group Prices Duplicate Product","2mp 2.4ghz wifi pir motion 2000-lumen britghness","Armazen, TECHSOL SU LDA, Montra","5,480.00","6,850.00","0","Single","Camera Wi-Fi","EZVIZ","","ezviz LC1C"
"","","ActionsToggle Dropdown Labels View Edit Delete Add or edit opening stock Product stock history Add or edit Group Prices Duplicate Product","2MP 31x Starlight IR EXPLOSION-PROOF CAMERA","Armazen, TECHSOL SU LDA, Montra","96,390.00","168,682.50","0","Single","PTZ Explosion Proof","Dahua","","DH-ECA7B1231-HNR-XA-F"
"","","ActionsToggle Dropdown Labels View Edit Delete Add or edit opening stock Product stock history Add or edit Group Prices Duplicate Product","2MP 45x Explosion-proof IR Network Positioning System","Armazen, TECHSOL SU LDA, Montra","381,905.00","66,833.75","0","Single","PTZ Explosion Proof","Dahua","","DH-EPC245U-PTZ-IR"
"","","ActionsToggle Dropdown Labels View Edit Delete Add or edit opening stock Product stock history Add or edit Group Prices Duplicate Product","2MP Outdoor Full-Color App CH3-Wca CT3-WCA Tenda","Armazen, TECHSOL SU LDA, Montra","1,845.00","2,583.00","0","Single","Camera Wi-Fi","Tenda","","CT3-WCA Tenda"
"","","ActionsToggle Dropdown Labels View Edit Delete Add or edit opening stock Product stock history Add or edit Group Prices Duplicate Product","2MP Outdoor Full-Color Night Vision Wi-Fi Camera, AI Human Detection, Customized Voice Alerts, Sound and Light Alarm, Alarm Notification in APP CH3-WCA CT3-WCA Tenda","Armazen, TECHSOL SU LDA, Montra","1,640.00","2,460.00","0","Single","Camera Wi-Fi","Tenda","","CH3-WCA CT3-WCA"
"","","ActionsToggle Dropdown Labels View Edit Delete Add or edit opening stock Product stock history Add or edit Group Prices Duplicate Product","2MP Outdoor Full-Color Night Vision Wi-Fi Camera, AI Human Detection, Customized Voice Alerts, Sound and Light Alarm, Alarm Notification in APP RH3-WCA Tenda","Armazen, TECHSOL SU LDA, Montra","1,960.00","2,940.00","0","Single","Camera Wi-Fi","Tenda","","RH3-WCA Tenda"
"","","ActionsToggle Dropdown Labels View Edit Delete Add or edit opening stock Product stock history Add or edit Group Prices Duplicate Product","2MP Outdoor Full-Color Night Vision Wi-Fi Camera, AI Human Detection, Two-way Audio, Sound and Light Alarm","Armazen, TECHSOL SU LDA, Montra","1,640.00","2,460.00","1","Single","Camera Wi-Fi","Tenda","","RT3-WCA Tenda"
"","","ActionsToggle Dropdown Labels View Edit Delete Add or edit opening stock Product stock history Add or edit Group Prices Duplicate Product","2MP SPY Batery WIFI Camera W10","Armazen, TECHSOL SU LDA, Montra","1,020.00","2,000.00","4","Single","Camera Wi-Fi","HI TECH","","2MP SPY Camera W10"
"","","ActionsToggle Dropdown Labels View Edit Delete Add or edit opening stock Product stock history Add or edit Group Prices Duplicate Product","2MP SPY Batery WIFI Camera W8","Armazen, TECHSOL SU LDA, Montra","1,080.00","2,000.00","2","Single","Camera Wi-Fi","HI TECH","","2MP SPY Camera W8"
"","","ActionsToggle Dropdown Labels View Edit Delete Add or edit opening stock Product stock history Add or edit Group Prices Duplicate Product","2mp SPY CAMERA","Armazen, TECHSOL SU LDA, Montra","850.00","2,000.00","5","Single","Camera Wi-Fi","HI TECH","","SPY CAMERA"
"","","ActionsToggle Dropdown Labels View Edit Delete Add or edit opening stock Product stock history Add or edit Group Prices Duplicate Product","2MP Wi-fi Infoor Battery Camera, Smart Human Motion Detection (1600mAh Rechargeable Battery) CB2","Armazen, TECHSOL SU LDA, Montra","4,207.50","4,950.00","3","Single","Camera Wi-Fi","EZVIZ","","CB2"
"","","ActionsToggle Dropdown Labels View Edit Delete Add or edit opening stock Product stock history Add or edit Group Prices Duplicate Product","2MP WIFI INDOOR BATTERY CAMERA(1600 MAH RECHARGEABLE) CB1","Armazen, TECHSOL SU LDA, Montra","2,880.00","3,600.00","2","Single","Camera Wi-Fi","EZVIZ","","EZVIZ SMART INTEGRATION CB1"
"","","ActionsToggle Dropdown Labels View Edit Delete Add or edit opening stock Product stock history Add or edit Group Prices Duplicate Product","2MP WIFI OUTDOOR CAMERA EZVIZ 1080P EZVIZ CS-H3C","Armazen, TECHSOL SU LDA, Montra","2,337.50","2,750.00","0","Single","Camera Wi-Fi","EZVIZ","","EZVIZ CS-H3C"
"","","ActionsToggle Dropdown Labels View Edit Delete Add or edit opening stock Product stock history Add or edit Group Prices Duplicate Product","3+3MP WIFI,OUTDOOE CAMERA TWO-WAY TALK SMART MOTION DETECTION.","Armazen, TECHSOL SU LDA, Montra","4,120.00","5,150.00","0","Single","Camera Wi-Fi","EZVIZ","","H9C EZIZ 3+3MP  WIFI CAMER"
"","","ActionsToggle Dropdown Labels View Edit Delete Add or edit opening stock Product stock history Add or edit Group Prices Duplicate Product","3000VA/900W Line-interactive UPS 3Kva","Armazen, TECHSOL SU LDA, Montra","8,850.00","14,250.00","0","Single","UPS","Techsol","","UPS3000 SMV 3KVA"
"","","ActionsToggle Dropdown Labels View Edit Delete Add or edit opening stock Product stock history Add or edit Group Prices Duplicate Product","305m Outdoor U/UTP CAT6 Network Cable (Black,CCA) DH-PFM922-6UN","Armazen, TECHSOL SU LDA, Montra","2,666.00","6,500.00","48","Single","Cabo UTP Cat6","Dahua","","DH-PFM922-6UN"
"","","ActionsToggle Dropdown Labels View Edit Delete Add or edit opening stock Product stock history Add or edit Group Prices Duplicate Product","32CH 2U 8HDDs WizMind Network Video Recorder","Armazen, TECHSOL SU LDA, Montra","97,180.00","170,065.00","0","Single","NVR IP","Dahua","","NVR608H-32-XI"
"","","ActionsToggle Dropdown Labels View Edit Delete Add or edit opening stock Product stock history Add or edit Group Prices Duplicate Product","3km Wireless Bridge","Armazen, TECHSOL SU LDA, Montra","3,600.00","5,580.00","0","Single","CPE","Dahua","","DH-WBC5-45AC-03S"
"","","ActionsToggle Dropdown Labels View Edit Delete Add or edit opening stock Product stock history Add or edit Group Prices Duplicate Product","3MP 4G AI POWERD COLOR NIGHT VISION EZVIZ CS-H5","Armazen, TECHSOL SU LDA, Montra","3,272.50","4,235.00","1","Single","Camera Wi-Fi","EZVIZ","","EZVIZ CS-H5"
"","","ActionsToggle Dropdown Labels View Edit Delete Add or edit opening stock Product stock history Add or edit Group Prices Duplicate Product","3MP 4G Outdoor camera, Motion detetcion PTZ","Armazen, TECHSOL SU LDA, Montra","3,782.50","4,450.00","-1","Single","Camera PTZ IPC","EZVIZ","","h8c 3mp 4g"
"","","ActionsToggle Dropdown Labels View Edit Delete Add or edit opening stock Product stock history Add or edit Group Prices Duplicate Product","3MP indoor PT Wi-Fi 6 Camera, One-touch Call, Human/Pet Detection, Cry Detection, Smart Tracking, Sound and Light Alarm, Two-way Audio","Armazen, TECHSOL SU LDA, Montra","1,480.00","2,220.00","1","Single","Camera Wi-Fi","Tenda","","RP3 Pro CP3 Pro Tenda"
"","","ActionsToggle Dropdown Labels View Edit Delete Add or edit opening stock Product stock history Add or edit Group Prices Duplicate Product","3MP POE NETWORK OUTDOOR DOME CAMERA AI POWERD H4 3MP","Armazen, TECHSOL SU LDA, Montra","2,890.00","3,375.00","6","Single","Camera IPC","EZVIZ","","EZVIZ 3MP POE H4"
"","","ActionsToggle Dropdown Labels View Edit Delete Add or edit opening stock Product stock history Add or edit Group Prices Duplicate Product","3MP SOLAR POWERED WIFI CAMERA","Armazen, TECHSOL SU LDA, Montra","5,560.00","6,950.00","1","Single","Camera Wi-Fi","EZVIZ","","EZVIZ CS-EB3/SP"
"","","ActionsToggle Dropdown Labels View Edit Delete Add or edit opening stock Product stock history Add or edit Group Prices Duplicate Product","3MP SOLAR POWERED WIFI CAMERA (SEM PAINEL)","Armazen, TECHSOL SU LDA, Montra","4,420.00","5,200.00","2","Single","Camera Wi-Fi","EZVIZ","","EZVIZ 3MP SOLAR CS-EB3"
"","","ActionsToggle Dropdown Labels View Edit Delete Add or edit opening stock Product stock history Add or edit Group Prices Duplicate Product","3MP SOLAR POWERED WITH SOLAR PAINEL 4G CAMERA EB8/SP","Armazen, TECHSOL SU LDA, Montra","10,120.00","12,650.00","0","Single","Camera Wi-Fi","EZVIZ","","EZVIZ 3MP EB8/SP"
"","","ActionsToggle Dropdown Labels View Edit Delete Add or edit opening stock Product stock history Add or edit Group Prices Duplicate Product","3MP WIFI DOME CAMERA AI POOWERD SIREN","Armazen, TECHSOL SU LDA, Montra","2,600.00","3,250.00","0","Single","Camera Wi-Fi","EZVIZ","","EZVIZ H4 3MP"
"","","ActionsToggle Dropdown Labels View Edit Delete Add or edit opening stock Product stock history Add or edit Group Prices Duplicate Product","4 MP Thermal Network Explosion-proof Hybrid Bullet Camera Thermal: 400*300 09mm","Armazen, TECHSOL SU LDA, Montra","225,250.00","394,187.50","0","Single","Thermal Bullet","Dahua","","DHI-TPC-AEBF5441-T"
"","","ActionsToggle Dropdown Labels View Edit Delete Add or edit opening stock Product stock history Add or edit Group Prices Duplicate Product","4-Port PoE Managed Switch DH-PFS4206-4P-96","Armazen, TECHSOL SU LDA, Montra","4,080.00","7,140.00","0","Single","Switch Gigabit POE","Dahua","","PFS4206-4P-96"
"","","ActionsToggle Dropdown Labels View Edit Delete Add or edit opening stock Product stock history Add or edit Group Prices Duplicate Product","4CH Compact 1U 4PoE 1HDD Lite Network Video Recorder","Armazen, TECHSOL SU LDA, Montra","4,988.00","8,250.00","36","Single","NVR IP","Dahua","","DHI-NVR2104HS-P-4KS3"
"","","ActionsToggle Dropdown Labels View Edit Delete Add or edit opening stock Product stock history Add or edit Group Prices Duplicate Product","4CH Penta-brid 4K Value/5MP Compact 1U 1SSD 1TB WizSense Digital Video Recorder","Armazen, TECHSOL SU LDA, Montra","4,480.00","7,840.00","0","Single","XVR/DVR","Dahua","","DH-XVR5104HS4KL-13/T"
"","","ActionsToggle Dropdown Labels View Edit Delete Add or edit opening stock Product stock history Add or edit Group Prices Duplicate Product","4CH WIFI NVR +4H3C 3MP KIT","Armazen, TECHSOL SU LDA, Montra","17,200.00","21,500.00","1","Single","NVR IP","EZVIZ","","EZVIZ KIT CS-BW3834/1TB"
"","","ActionsToggle Dropdown Labels View Edit Delete Add or edit opening stock Product stock history Add or edit Group Prices Duplicate Product","4G Sim Modem Wifi Router 300Mbps DS-3WR4G3N","Armazen, TECHSOL SU LDA, Montra","2,565.00","3,100.00","0","Single","Router Wi-Fi4 / 4G","Hikvision","","DS-3WR4G3N"
"","","ActionsToggle Dropdown Labels View Edit Delete Add or edit opening stock Product stock history Add or edit Group Prices Duplicate Product","4G03 Pro Tenda 4g SIM Modem Wifi Router N300","Armazen, TECHSOL SU LDA, Montra","2,805.00","3,300.00","13","Single","Router Wi-Fi4 / 4G","Tenda","","4G03 PRO Tenda 4G SIM"
"","","ActionsToggle Dropdown Labels View Edit Delete Add or edit opening stock Product stock history Add or edit Group Prices Duplicate Product","4G08- Tenda 4g Sim AC1200 Dual Band Wifi","Armazen, TECHSOL SU LDA, Montra","4,675.00","5,500.00","5","Single","Router Wi-Fi4 / 4G","Tenda","","4G08-4g Wifi AC1200"
"","","ActionsToggle Dropdown Labels View Edit Delete Add or edit opening stock Product stock history Add or edit Group Prices Duplicate Product","4MP 15X Starlight Non Compensation Light Explosion-proof Camera 15X","Armazen, TECHSOL SU LDA, Montra","96,390.00","168,862.50","0","Single","PTZ Explosion Proof","Dahua","","DH-ESD41A415-HNR"
"","","ActionsToggle Dropdown Labels View Edit Delete Add or edit opening stock Product stock history Add or edit Group Prices Duplicate Product","4MP 2.4GHZ WIFI OUTOOR WALL LIGHT CAMERA AI POWERED LC3","Armazen, TECHSOL SU LDA, Montra","4,072.00","5,090.00","0","Single","Camera Wi-Fi","EZVIZ","","EZVIZ LC3 AI POWERD"
"","","ActionsToggle Dropdown Labels View Edit Delete Add or edit opening stock Product stock history Add or edit Group Prices Duplicate Product","4MP FIXED FOCAL DOME WIZESENSE","Armazen, TECHSOL SU LDA, Montra","3,487.50","5,535.00","0","Single","Camera IPC","Dahua","","DH-IPC HDBW2449E-S-IL"
"","","ActionsToggle Dropdown Labels View Edit Delete Add or edit opening stock Product stock history Add or edit Group Prices Duplicate Product","4MP IR Vari-focal Bullet WizSense Network Camera IPC-HFW2441T-ZS","Armazen, TECHSOL SU LDA, Montra","12,850.00","15,420.00","0","Single","Camera IPC","Dahua","","IPC-HFW2441T-ZS"
"","","ActionsToggle Dropdown Labels View Edit Delete Add or edit opening stock Product stock history Add or edit Group Prices Duplicate Product","4MP Smart Dual Light Active Deterrence Vari-focal Bullet WizSense Network Camera IPC-HFW3449T1-ZAS-PV","Armazen, TECHSOL SU LDA, Montra","13,515.00","23,651.25","0","Single","Camera IPC","Dahua","","IPC-HFW3449T1-ZAS-PV"
"","","ActionsToggle Dropdown Labels View Edit Delete Add or edit opening stock Product stock history Add or edit Group Prices Duplicate Product","4MP SOLAR POWERD WIFI CAMERA","Armazen, TECHSOL SU LDA, Montra","6,672.50","7,850.00","2","Single","Camera Wi-Fi","EZVIZ","","EZVIZ CS-HB8C/SP"
"","","ActionsToggle Dropdown Labels View Edit Delete Add or edit opening stock Product stock history Add or edit Group Prices Duplicate Product","4MP Solar-powered Wi-Fi + 4G Camera CS-HB8c/SP (4MP,W4GA) ( with Solar )","Armazen, TECHSOL SU LDA, Montra","8,882.50","10,450.00","0","Single","Camera 4G Solar","EZVIZ","","CS-HB8c/SP (4MP,W4GA)"
"","","ActionsToggle Dropdown Labels View Edit Delete Add or edit opening stock Product stock history Add or edit Group Prices Duplicate Product","4mp wifi outdoor camera ezviz cs-h3c 4mp","Armazen, TECHSOL SU LDA, Montra","2,520.00","3,150.00","0","Single","Camera Wi-Fi","EZVIZ","","ezviz cs-h3c 4mp"
"","","ActionsToggle Dropdown Labels View Edit Delete Add or edit opening stock Product stock history Add or edit Group Prices Duplicate Product","4MP WIFI OUTDOOR PTZ","Armazen, TECHSOL SU LDA, Montra","3,600.00","3,600.00","4","Single","Camera Wi-Fi","EZVIZ","","EZIZ PTZ H8C 4MP"
"","","ActionsToggle Dropdown Labels View Edit Delete Add or edit opening stock Product stock history Add or edit Group Prices Duplicate Product","4Ports PoE Switch Gigabit 1 × Uplink Gigabit RJ45 port","Armazen, TECHSOL SU LDA, Montra","2,250.00","2,200.00","4","Single","Switch Gigabit POE","Tenda","","TEG1105P-4-63W"
"","","ActionsToggle Dropdown Labels View Edit Delete Add or edit opening stock Product stock history Add or edit Group Prices Duplicate Product","5G Sim Modem Wi-Fi6 Router AX1500 5G01","Armazen, TECHSOL SU LDA, Montra","9,120.00","13,680.00","2","Single","Router Wi-Fi6","Tenda","","AX1500 5G01"
"","","ActionsToggle Dropdown Labels View Edit Delete Add or edit opening stock Product stock history Add or edit Group Prices Duplicate Product","5GHz 12dBi 11AC 867Mbps Gigabit 5KM Outdoor CPE O4-Kit","Armazen, TECHSOL SU LDA, Montra","4,950.00","5,940.00","4","Single","CPE","Tenda","","CPE O4-Kit"
"","","ActionsToggle Dropdown Labels View Edit Delete Add or edit opening stock Product stock history Add or edit Group Prices Duplicate Product","5MP 2.4GHZ WIFI OUTDOOR CAMERA SIREN AND STROBE LITGH","Armazen, TECHSOL SU LDA, Montra","3,697.50","4,350.00","2","Single","Camera Wi-Fi","EZVIZ","","EZVIZ H3 5MP"
"","","ActionsToggle Dropdown Labels View Edit Delete Add or edit opening stock Product stock history Add or edit Group Prices Duplicate Product","5MP DOME VANDALPROOF","Armazen, TECHSOL SU LDA, Montra","3,936.00","4,920.00","0","Single","Camera IPC","Dahua","","IPC-HDBW2549E-S-IL"
"","","ActionsToggle Dropdown Labels View Edit Delete Add or edit opening stock Product stock history Add or edit Group Prices Duplicate Product","5MP IR Fixed-focal Bullet WizSense Network Camera IPC-HFW2541S-S","Armazen, TECHSOL SU LDA, Montra","12,850.00","17,500.00","0","Single","Camera IPC","Dahua","","IPC-HFW2541S-S"
"","","ActionsToggle Dropdown Labels View Edit Delete Add or edit opening stock Product stock history Add or edit Group Prices Duplicate Product","6PORT 10/100M DESKTOP SWITCH WITH 4-PORT POE","Armazen, TECHSOL SU LDA, Montra","1,575.00","2,200.00","0","Single","Switch Gigabit POE","Tenda","","TEF1106-4-63W"
"","","ActionsToggle Dropdown Labels View Edit Delete Add or edit opening stock Product stock history Add or edit Group Prices Duplicate Product","7-Inch IPS Touch Screen 4.600 mAh Rechargeable Lithium Battery (Type-c) CS-SD7-R100-1WTC","Armazen, TECHSOL SU LDA, Montra","5,760.00","7,200.00","2","Single","Video Intercom IP","EZVIZ","","CS-SD7-R100-1WTC"
"","","ActionsToggle Dropdown Labels View Edit Delete Add or edit opening stock Product stock history Add or edit Group Prices Duplicate Product","8CH Compact 1U 1HDD Lite Network Video Recorder","Armazen, TECHSOL SU LDA, Montra","4,042.00","6,550.00","29","Single","NVR IP","Dahua","","DHI-NVR2108HS-4KS3"
"","","ActionsToggle Dropdown Labels View Edit Delete Add or edit opening stock Product stock history Add or edit Group Prices Duplicate Product","8CH Compact 1U 8PoE 1HDD Lite Network Video Recorder","Armazen, TECHSOL SU LDA, Montra","7,052.00","11,500.00","34","Single","NVR IP","Dahua","","DHI-NVR2108HS-8P-4KS3"
"","","ActionsToggle Dropdown Labels View Edit Delete Add or edit opening stock Product stock history Add or edit Group Prices Duplicate Product","8CH WIRELESS NVR WITH HDMI &amp; VGA OUTPUT","Armazen, TECHSOL SU LDA, Montra","3,080.00","3,850.00","1","Single","NVR IP","EZVIZ","","EZVIZ NVR CS-X5S-R100-8W"
"","","ActionsToggle Dropdown Labels View Edit Delete Add or edit opening stock Product stock history Add or edit Group Prices Duplicate Product","8MP Smart Dual Light Fixed-focal Dome WizSense Network Camera","Armazen, TECHSOL SU LDA, Montra","11,313.00","19,797.75","0","Single","Camera IPC","Dahua","","PC-HDBW3849F-AS-IL"
"","","ActionsToggle Dropdown Labels View Edit Delete Add or edit opening stock Product stock history Add or edit Group Prices Duplicate Product","8Port PoE + 1Port Sfp + 1Port Ethernet Gigabit Switch","Armazen, TECHSOL SU LDA, Montra","3,102.50","4,380.00","1","Single","Switch Gigabit POE","Tenda","","TEG1110PF-8-120W"
"","","ActionsToggle Dropdown Labels View Edit Delete Add or edit opening stock Product stock history Add or edit Group Prices Duplicate Product","8Ports Poe Cloud Managed Switch TEG2210P-8-120W","Armazen, TECHSOL SU LDA, Montra","3,320.00","4,980.00","0","Single","Switch Gigabit POE","Tenda","","TEG2210P-8-120W"
"","","ActionsToggle Dropdown Labels View Edit Delete Add or edit opening stock Product stock history Add or edit Group Prices Duplicate Product","AC650 Wi-fi Wireless Dual Band Auto-Install USB Adapter","Armazen, TECHSOL SU LDA, Montra","680.00","1,020.00","5","Single","Router Wi-Fi5","Tenda","","AC650"
"","","ActionsToggle Dropdown Labels View Edit Delete Add or edit opening stock Product stock history Add or edit Group Prices Duplicate Product","Access Point indoor Mount Wi-Fi Router Extender A9 N300","Armazen, TECHSOL SU LDA, Montra","807.50","1,450.00","0","Single","Router Wi-Fi5","Tenda","","N300 A9 Tenda"
"","","ActionsToggle Dropdown Labels View Edit Delete Add or edit opening stock Product stock history Add or edit Group Prices Duplicate Product","Access Point indoor Wi-Fi Router Extender 300Mbps N301","Armazen, TECHSOL SU LDA, Montra","620.00","930.00","0","Single","Router Wi-Fi5","Tenda","","N301"
"","","ActionsToggle Dropdown Labels View Edit Delete Add or edit opening stock Product stock history Add or edit Group Prices Duplicate Product","Access Point indoor Wi-Fi Router Extender Gigabit AX1500 A23 Tenda","Armazen, TECHSOL SU LDA, Montra","2,507.50","3,009.00","2","Single","Router Wi-Fi4","Tenda","","AX1500 A23 Tenda"
"","","ActionsToggle Dropdown Labels View Edit Delete Add or edit opening stock Product stock history Add or edit Group Prices Duplicate Product","Access Point indoor Wi-Fi Router Extender Gigabit AX1500 TX2L Pro Tenda","Armazen, TECHSOL SU LDA, Montra","1,997.50","2,397.00","0","Single","Router Wi-Fi6","Tenda","","AX1500 TX2L Pro Tenda"
"","","ActionsToggle Dropdown Labels View Edit Delete Add or edit opening stock Product stock history Add or edit Group Prices Duplicate Product","Access Point indoor Wi-Fi5 Router Extender Gigabit Whole-Home Mesh System NOVA MW3(2-pack)","Armazen, TECHSOL SU LDA, Montra","2,677.50","3,780.00","5","Single","Router Wi-Fi5","Tenda","","MW3(2-pack) AC1200 Tenda"
"","","ActionsToggle Dropdown Labels View Edit Delete Add or edit opening stock Product stock history Add or edit Group Prices Duplicate Product","Access Point indoor Wi-Fi5 Router Extender Gigabit Whole-Home Mesh System NOVA MW6(2-pack) AC1200 Tenda","Armazen, TECHSOL SU LDA, Montra","4,675.00","5,610.00","3","Single","Router Wi-Fi5","Tenda","","MW6(2-pack) AC1200 Tenda"
"","","ActionsToggle Dropdown Labels View Edit Delete Add or edit opening stock Product stock history Add or edit Group Prices Duplicate Product","Access Point indoor Wi-Fi6 Router Extender Dual-Band Gigabit AX3000 TX12 Pro Tenda","Armazen, TECHSOL SU LDA, Montra","2,600.00","3,900.00","0","Single","Router Wi-Fi4","Tenda","","AX3000 TX12 Pro Tenda"
"","","ActionsToggle Dropdown Labels View Edit Delete Add or edit opening stock Product stock history Add or edit Group Prices Duplicate Product","Access Point indoor Wi-Fi6 Router Extender Gigabit AX3000 RX12L Pro Tenda","Armazen, TECHSOL SU LDA, Montra","2,520.00","3,780.00","2","Single","Router Wi-Fi6","Tenda","","RX12L Pro Tenda"
"","","ActionsToggle Dropdown Labels View Edit Delete Add or edit opening stock Product stock history Add or edit Group Prices Duplicate Product","Access Point UNIFI U7 Long Range | U7-LR","Armazen, TECHSOL SU LDA, Montra","23,500.00","29,375.00","0","Single","Router Wi-Fi6","Ubiquiti","","U7-LR"
"","","ActionsToggle Dropdown Labels View Edit Delete Add or edit opening stock Product stock history Add or edit Group Prices Duplicate Product","Access Point UNIFI U7 Outdoor | U7-Outdoor","Armazen, TECHSOL SU LDA, Montra","43,500.00","54,375.00","0","Single","Router Wi-Fi6","Ubiquiti","","U7-Outdoor"
"","","ActionsToggle Dropdown Labels View Edit Delete Add or edit opening stock Product stock history Add or edit Group Prices Duplicate Product","Access Point Wi-Fi6  Router indoor Celing Mount Gigabit AX3000 I29","Armazen, TECHSOL SU LDA, Montra","5,280.00","7,920.00","1","Single","Router Wi-Fi6","Tenda","","AX3000 I29 TENDA"
"","","ActionsToggle Dropdown Labels View Edit Delete Add or edit opening stock Product stock history Add or edit Group Prices Duplicate Product","ACM-ABS003-EM 125Khz keyfobs key chains","TECHSOL SU LDA, Armazen, Montra","29.75","65.00","130","Single","keyfob","HI TECH","","ACM-ABS003 125Khz"
"","","ActionsToggle Dropdown Labels View Edit Delete Add or edit opening stock Product stock history Add or edit Group Prices Duplicate Product","Addressable Sounder Strobe (without base)","Armazen, TECHSOL SU LDA, Montra","1,131.60","1,980.30","0","Single","Addressable Fire Alarm Products","Dahua","","DHI-HY-1500-CTXF"
"","","ActionsToggle Dropdown Labels View Edit Delete Add or edit opening stock Product stock history Add or edit Group Prices Duplicate Product","AP3000-Outdoor-Cudy Router Wifi6 Gigabit Mesh AP3000-Outdoor","Armazen, TECHSOL SU LDA, Montra","5,950.00","6,878.20","6","Single","Router Wi-Fi6","CUDY","","AP3000-Outdoor"
"","","ActionsToggle Dropdown Labels View Edit Delete Add or edit opening stock Product stock history Add or edit Group Prices Duplicate Product","ARA12-W2(915)  Dahua Wireless Siren","Armazen, TECHSOL SU LDA, Montra","1,270.00","2,095.50","3","Single","Alarm Sem Fio","Dahua","","DHI-ARA12-W2"
"","","ActionsToggle Dropdown Labels View Edit Delete Add or edit opening stock Product stock history Add or edit Group Prices Duplicate Product","ASA2212GL-MEW Dahua Card Swiping,Password,Fingerprint Attendance Standalone","Armazen, TECHSOL SU LDA, Montra","2,840.00","4,690.00","5","Single","Access Control","Dahua","","DHI-ASA2212GL-MEW"
"","","ActionsToggle Dropdown Labels View Edit Delete Add or edit opening stock Product stock history Add or edit Group Prices Duplicate Product","ASGG1XXF  Dahua Tripod Turnstile","Armazen, TECHSOL SU LDA, Montra","20,179.00","35,500.00","1","Single","turnstiletripod","Dahua","","DHI-ASGG121F"
"","","ActionsToggle Dropdown Labels View Edit Delete Add or edit opening stock Product stock history Add or edit Group Prices Duplicate Product","AX1500 WHOLE MESH WIFI6 SYSTEM MX3(2 PACK)","Armazen, TECHSOL SU LDA, Montra","5,270.00","7,440.00","5","Single","Router Wi-Fi6","Tenda","","MX3 2 PACK TENDA"
"","","ActionsToggle Dropdown Labels View Edit Delete Add or edit opening stock Product stock history Add or edit Group Prices Duplicate Product","AX1500 Wireless Router","Armazen, TECHSOL SU LDA, Montra","1,273.66","2,500.00","90","Single","Router Wi-Fi6","Dahua","","DH-AX15M"
"","","ActionsToggle Dropdown Labels View Edit Delete Add or edit opening stock Product stock history Add or edit Group Prices Duplicate Product","AX3000 WIFI EXTENDER DAHUA","Armazen, TECHSOL SU LDA, Montra","1,947.90","3,500.00","1","Single","Router Wi-Fi6","Dahua","","DH-AX30"
"","","ActionsToggle Dropdown Labels View Edit Delete Add or edit opening stock Product stock history Add or edit Group Prices Duplicate Product","BASTIDOR 12U 600 X 600 X 635 Network Rack","Armazen, TECHSOL SU LDA, Montra","6,250.00","7,500.00","2","Single","Bastidor","Zkteco","","12U"
"","","ActionsToggle Dropdown Labels View Edit Delete Add or edit opening stock Product stock history Add or edit Group Prices Duplicate Product","Bastidor 6u 530*400*300 Zk","Armazen, TECHSOL SU LDA, Montra","4,650.00","5,347.50","3","Single","Bastidor","Zkteco","","ZK R6U 5406A"
"","","ActionsToggle Dropdown Labels View Edit Delete Add or edit opening stock Product stock history Add or edit Group Prices Duplicate Product","Bastidor 9u Size 530*400*540 zk","Armazen, TECHSOL SU LDA, Montra","5,450.00","5,722.50","3","Single","Bastidor","Zkteco","","ZKR9U 5409A"
"","","ActionsToggle Dropdown Labels View Edit Delete Add or edit opening stock Product stock history Add or edit Group Prices Duplicate Product","BATTERY CENTURION 12V 7.2A","Armazen, TECHSOL SU LDA, Montra","1,900.00","2,079.00","3","Single","Motor de portao","Centurion","","BATTERY CENTURION 12V 7.2A"
"","","ActionsToggle Dropdown Labels View Edit Delete Add or edit opening stock Product stock history Add or edit Group Prices Duplicate Product","CABO HDMI 15M 4K","Armazen, TECHSOL SU LDA, Montra","1,290.00","2,400.00","3","Single","Hdmi Cable","Dahua","","DH-W-HDMI15M-4K"
"","","ActionsToggle Dropdown Labels View Edit Delete Add or edit opening stock Product stock history Add or edit Group Prices Duplicate Product","Centurion Nova 1 Channel Receiver","Armazen, TECHSOL SU LDA, Montra","2,150.00","2,268.00","2","Single","Motor de portao","Centurion","","Centurion Nova 1 Channel Receiver 433MHz"
"","","ActionsToggle Dropdown Labels View Edit Delete Add or edit opening stock Product stock history Add or edit Group Prices Duplicate Product","CPE Outdoor Wireless 5Ghz 867Mbps 20km P2MP Point-to-Multipoint O8 Tenda","Armazen, TECHSOL SU LDA, Montra","3,750.00","4,500.00","1","Single","CPE","Tenda","","O8 Tenda"
"","","ActionsToggle Dropdown Labels View Edit Delete Add or edit opening stock Product stock history Add or edit Group Prices Duplicate Product","CUDY PONTO DE ACESSO AP DE TETO AX3000","Armazen, TECHSOL SU LDA, Montra","5,928.75","7,772.00","7","Single","Router Wi-Fi6","CUDY","","AX3000 AP3000-P CUDY"
"","","ActionsToggle Dropdown Labels View Edit Delete Add or edit opening stock Product stock history Add or edit Group Prices Duplicate Product","Dahua 1 channels 12V 2Amp Power Supply ( Outdoor ) DH-PFM302-V2","Armazen, TECHSOL SU LDA, Montra","136.00","265.00","445","Single","Fonte de Energia","Dahua","","DH-PFM302"
"","","ActionsToggle Dropdown Labels View Edit Delete Add or edit opening stock Product stock history Add or edit Group Prices Duplicate Product","Dahua 16 Channels  Smart NVR DHI-NVR2216-16-4KS3","Armazen, TECHSOL SU LDA, Montra","11,180.00","17,888.00","17","Single","NVR IP","Dahua","","DHI-NVR2216-16-4KS3"
"","","ActionsToggle Dropdown Labels View Edit Delete Add or edit opening stock Product stock history Add or edit Group Prices Duplicate Product","Dahua 16 Channels 1080p NVR DHI-NVR2116HS-4KS3","Armazen, TECHSOL SU LDA, Montra","4,816.00","7,705.60","23","Single","NVR IP","Dahua","","DHI-NVR2116HS-4KS3"
"","","ActionsToggle Dropdown Labels View Edit Delete Add or edit opening stock Product stock history Add or edit Group Prices Duplicate Product","Dahua 16 Channels Penta-brid 1080N/720p WizSense DVR/XVR DH-XVR1B16-I/T","Armazen, TECHSOL SU LDA, Montra","3,740.00","6,550.00","109","Single","XVR/DVR","Dahua","","DH-XVR1B16-I/T"
"","","ActionsToggle Dropdown Labels View Edit Delete Add or edit opening stock Product stock history Add or edit Group Prices Duplicate Product","Dahua 16 Channels Penta-brid 5MP WizSense DVR/XVR DH-XVR5116H-4KL-I3","Armazen, TECHSOL SU LDA, Montra","13,005.00","20,850.00","5","Single","XVR/DVR","Dahua","","DH-XVR5116H-4KL-I3"
"","","ActionsToggle Dropdown Labels View Edit Delete Add or edit opening stock Product stock history Add or edit Group Prices Duplicate Product","DAHUA 22&quot; MONITOR","Armazen, TECHSOL SU LDA, Montra","3,956.00","7,250.00","5","Single","Monitor","Dahua","","DHI-LM22-L200N"
"","","ActionsToggle Dropdown Labels View Edit Delete Add or edit opening stock Product stock history Add or edit Group Prices Duplicate Product","Dahua 2MP Full-color Built-in MIC Audio Bullet Network Camera DH-IPC-HFW1239TL1P-A-IL-0280B","Armazen, TECHSOL SU LDA, Montra","2,408.00","3,855.00","153","Single","Camera IPC","Dahua","","DH-IPC-HFW1239TL1-A-IL"
"","","ActionsToggle Dropdown Labels View Edit Delete Add or edit opening stock Product stock history Add or edit Group Prices Duplicate Product","Dahua 2MP Full-color Built-in MIC Audio Dome Network Camera DH-IPC-HDBW1239E1P-A-IL-0280B-S6","Armazen, TECHSOL SU LDA, Montra","2,408.00","3,875.00","75","Single","Camera IPC","Dahua","","DH-IPC-HDBW1239E1-A-IL"
"","","ActionsToggle Dropdown Labels View Edit Delete Add or edit opening stock Product stock history Add or edit Group Prices Duplicate Product","Dahua 2MP Full-color Built-in mic Audio HDCVI Bullet Camera DH-HAC-HFW1209CP-A-LED-0280B-S3","Armazen, TECHSOL SU LDA, Montra","989.00","1,700.00","2,001","Single","Camera HDCVI","Dahua","","DH-HAC-HFW1209CP-A-LED"
"","","ActionsToggle Dropdown Labels View Edit Delete Add or edit opening stock Product stock history Add or edit Group Prices Duplicate Product","Dahua 2MP Full-color Built-in mic Audio HDCVI Dome Camera DH-HAC-HDW1209TLQP-A-LED","Armazen, TECHSOL SU LDA, Montra","1,032.00","1,700.00","653","Single","Camera HDCVI","Dahua","","DH-HAC-HDW1209TLQP-A-LED"
"","","ActionsToggle Dropdown Labels View Edit Delete Add or edit opening stock Product stock history Add or edit Group Prices Duplicate Product","Dahua 2MP Smart Dual Light Active Deterrence TiOC HDCVI Bullet Camera DH-HAC-ME1239THP-A-PV-0360B-S2","Armazen, TECHSOL SU LDA, Montra","2,236.00","3,900.00","70","Single","Camera HDCVI","Dahua","","DH-HAC-ME1239THP-A-PV"
"","","ActionsToggle Dropdown Labels View Edit Delete Add or edit opening stock Product stock history Add or edit Group Prices Duplicate Product","Dahua 3+3MP indoor Wi-Fi Dual-Lens Pan &amp; Tilt Camera DH-IPC-H3DP-3F-0360B","Armazen, TECHSOL SU LDA, Montra","2,709.00","4,335.00","68","Single","Camera Wi-Fi","Dahua","","DH-H3D-3F"
"","","ActionsToggle Dropdown Labels View Edit Delete Add or edit opening stock Product stock history Add or edit Group Prices Duplicate Product","Dahua 32 Channels 4MP Smart NVR DHI-NVR4232-4KS3","Armazen, TECHSOL SU LDA, Montra","9,116.00","14,585.60","12","Single","NVR IP","Dahua","","DHI-NVR4232-4KS3"
"","","ActionsToggle Dropdown Labels View Edit Delete Add or edit opening stock Product stock history Add or edit Group Prices Duplicate Product","Dahua 3MP indoor Wi-Fi Pan &amp; Tilt Camera DH-IPC-H3AP-0360B","Armazen, TECHSOL SU LDA, Montra","1,462.00","2,350.00","86","Single","Camera Wi-Fi","Dahua","","DH-H3A"
"","","ActionsToggle Dropdown Labels View Edit Delete Add or edit opening stock Product stock history Add or edit Group Prices Duplicate Product","Dahua 3MP Outdoor Wi-Fi Bullet","Armazen, TECHSOL SU LDA, Montra","2,064.00","3,550.00","50","Single","Camera Wi-Fi","Dahua","","DH-F3D-IL"
"","","ActionsToggle Dropdown Labels View Edit Delete Add or edit opening stock Product stock history Add or edit Group Prices Duplicate Product","Dahua 3MP Wi-Fi indoor Cube Camera DH-IPC-C3AP-0280B","Armazen, TECHSOL SU LDA, Montra","920.00","1,550.00","99","Single","Camera Wi-Fi","Dahua","","DH-C3A"
"","","ActionsToggle Dropdown Labels View Edit Delete Add or edit opening stock Product stock history Add or edit Group Prices Duplicate Product","Dahua 4 Channels  Smart NVR DHI-NVR2104HS-4KS3","Armazen, TECHSOL SU LDA, Montra","2,666.00","4,280.00","28","Single","NVR IP","Dahua","","DHI-NVR2104HS-4KS3"
"","","ActionsToggle Dropdown Labels View Edit Delete Add or edit opening stock Product stock history Add or edit Group Prices Duplicate Product","Dahua 4 channels 12V 4Amp Power Supply DH-PFM344D-4CH-EN-V2","Armazen, TECHSOL SU LDA, Montra","378.40","650.00","298","Single","Fonte de Energia","Dahua","","DH-PFM344D-4CH-EN"
"","","ActionsToggle Dropdown Labels View Edit Delete Add or edit opening stock Product stock history Add or edit Group Prices Duplicate Product","Dahua 4 Channels Penta-brid 1080N/720p WizSense DVR/XVR DH-XVR1B04-I/T","Armazen, TECHSOL SU LDA, Montra","1,700.00","3,100.00","69","Single","XVR/DVR","Dahua","","DH-XVR1B04-I/T"
"","","ActionsToggle Dropdown Labels View Edit Delete Add or edit opening stock Product stock history Add or edit Group Prices Duplicate Product","Dahua 4G Wi-Fi4 N300 Router DH-MR403(EU)","Armazen, TECHSOL SU LDA, Montra","1,505.00","3,000.00","188","Single","Router Wi-Fi4 / 4G","Dahua","","DH-MR403"
"","","ActionsToggle Dropdown Labels View Edit Delete Add or edit opening stock Product stock history Add or edit Group Prices Duplicate Product","Dahua 4MP 16x IR WizSense Network PTZ Camera DH-SD3D416NB-GNY","Armazen, TECHSOL SU LDA, Montra","12,126.00","22,165.00","6","Single","Camera PTZ IPC","Dahua","","DH-SD3D416NB-GNY"
"","","ActionsToggle Dropdown Labels View Edit Delete Add or edit opening stock Product stock history Add or edit Group Prices Duplicate Product","Dahua 4MP Full-color Built-in MIC Audio Bullet Network Camera DH-IPC-HFW1439TL1P-A-IL-0280B","Armazen, TECHSOL SU LDA, Montra","3,010.00","4,820.00","158","Single","Camera IPC","Dahua","","DH-IPC-HFW1439TL1-A-IL"
"","","ActionsToggle Dropdown Labels View Edit Delete Add or edit opening stock Product stock history Add or edit Group Prices Duplicate Product","Dahua 4MP Full-color Built-in MIC Audio Dome Network Camera DH-IPC-HDBW1439E1P-A-IL-0280B-S6","Armazen, TECHSOL SU LDA, Montra","3,010.00","4,820.00","156","Single","Camera IPC","Dahua","","DH-IPC-HDBW1439E1-A-IL"
"","","ActionsToggle Dropdown Labels View Edit Delete Add or edit opening stock Product stock history Add or edit Group Prices Duplicate Product","Dahua 4MP Smart Dual Light Vari-focal Bullet WizSense Network Camera DH-IPC-HFW2449TP-ZAS-IL-27135","Armazen, TECHSOL SU LDA, Montra","9,460.00","15,150.00","35","Single","Camera IPC","Dahua","","DH-IPC-HFW2449T-ZAS-IL"
"","","ActionsToggle Dropdown Labels View Edit Delete Add or edit opening stock Product stock history Add or edit Group Prices Duplicate Product","Dahua 4MP Smart Dual Light Vari-focal Dome WizSense Network Camera DH-IPC-HDW2449TP-ZS-IL-27135","Armazen, TECHSOL SU LDA, Montra","8,858.00","14,175.00","32","Single","Camera IPC","Dahua","","DH-IPC-HDW2449T-ZS-IL"
"","","ActionsToggle Dropdown Labels View Edit Delete Add or edit opening stock Product stock history Add or edit Group Prices Duplicate Product","Dahua 4MP WizColor Built-in MIC Audio Dome WizSense Network Camera DH-IPC-HDW2449T-S-LED-0360B-PRO","Armazen, TECHSOL SU LDA, Montra","4,128.00","6,604.80","18","Single","Camera IPC","Dahua","","DH-IPC-HDW2449T-S-PRO"
"","","ActionsToggle Dropdown Labels View Edit Delete Add or edit opening stock Product stock history Add or edit Group Prices Duplicate Product","Dahua 5MP Full-color Built-in mic Audio HDCVI Bullet Camera DH-HAC-HFW1509CP-A-LED-0280B-S3","Armazen, TECHSOL SU LDA, Montra","1,892.00","3,650.00","70","Single","Camera HDCVI","Dahua","","DH-HAC-HFW1509CP-A-LED"
"","","ActionsToggle Dropdown Labels View Edit Delete Add or edit opening stock Product stock history Add or edit Group Prices Duplicate Product","Dahua 5MP Full-color Built-in mic Audio HDCVI Dome Camera DH-HAC-HDW1509TLQP-A-LED-0280B-S3","Armazen, TECHSOL SU LDA, Montra","1,978.00","3,750.00","88","Single","Camera HDCVI","Dahua","","DH-HAC-HDW1509TLQP-A-LED"
"","","ActionsToggle Dropdown Labels View Edit Delete Add or edit opening stock Product stock history Add or edit Group Prices Duplicate Product","Dahua 5Ports Desktop Gigabit Ethernet Switch DH-PFS3005-5GT-V2","Armazen, TECHSOL SU LDA, Montra","478.16","770.00","25","Single","Switch Gigabit Ethernet","Dahua","","DH-PFS3005-5GT"
"","","ActionsToggle Dropdown Labels View Edit Delete Add or edit opening stock Product stock history Add or edit Group Prices Duplicate Product","Dahua 8 channels 12V 8Amp Power Supply DH-PFM344D-8CH-EN-V2","Armazen, TECHSOL SU LDA, Montra","473.00","850.00","616","Single","Fonte de Energia","Dahua","","DH-PFM344D-8CH-EN"
"","","ActionsToggle Dropdown Labels View Edit Delete Add or edit opening stock Product stock history Add or edit Group Prices Duplicate Product","Dahua 8 Channels Penta-brid 1080N/720p WizSense DVR/XVR DH-XVR1B08-I/T","Armazen, TECHSOL SU LDA, Montra","2,167.50","3,800.00","142","Single","XVR/DVR","Dahua","","DH-XVR1B08-I/T"
"","","ActionsToggle Dropdown Labels View Edit Delete Add or edit opening stock Product stock history Add or edit Group Prices Duplicate Product","Dahua 8 Channels Penta-brid 5MP WizSense DVR/XVR DH-XVR5108HS-4KL-I3","Armazen, TECHSOL SU LDA, Montra","7,055.00","11,295.00","7","Single","XVR/DVR","Dahua","","DH-XVR5108HS-4KL-I3"
"","","ActionsToggle Dropdown Labels View Edit Delete Add or edit opening stock Product stock history Add or edit Group Prices Duplicate Product","Dahua 8Ports Desktop Gigabit Ethernet Switch DH-PFS3008-8GT-V2","Armazen, TECHSOL SU LDA, Montra","678.54","1,090.00","25","Single","Switch Gigabit Ethernet","Dahua","","DH-PFS3008-8GT"
"","","ActionsToggle Dropdown Labels View Edit Delete Add or edit opening stock Product stock history Add or edit Group Prices Duplicate Product","Dahua BNC Connector DH-PFM976-BNCQ9P","Armazen, TECHSOL SU LDA, Montra","14.62","20.00","19,954","Single","Connectros","Dahua","","DH-PFM976-BNCQ9P"
"","","ActionsToggle Dropdown Labels View Edit Delete Add or edit opening stock Product stock history Add or edit Group Prices Duplicate Product","Dahua Card Swiping,Password,Fingerprint Access Controller Standalone DHI-ASI1212M-P","Armazen, TECHSOL SU LDA, Montra","5,160.00","8,275.00","9","Single","Access Control","Dahua","","DHI-ASI1212M-P"
"","","ActionsToggle Dropdown Labels View Edit Delete Add or edit opening stock Product stock history Add or edit Group Prices Duplicate Product","Dahua CAT6 RJ45 Connector DH-PFM976-631-V2","Armazen, TECHSOL SU LDA, Montra","3.40","7.00","45,213","Single","Connectros","Dahua","","DH-PFM976-631"
"","","ActionsToggle Dropdown Labels View Edit Delete Add or edit opening stock Product stock history Add or edit Group Prices Duplicate Product","Dahua Coaxial Cable with Power cable (2c) 100 Meters DH-PFM941I-RG59N/21-100","Armazen, TECHSOL SU LDA, Montra","946.00","1,600.00","282","Single","Cabo Coxial","Dahua","","DH-PFM941I-RG59N/21-100"
"","","ActionsToggle Dropdown Labels View Edit Delete Add or edit opening stock Product stock history Add or edit Group Prices Duplicate Product","Dahua DC 12V ( PSU ) Connector DH-PFM979-DCP","Armazen, TECHSOL SU LDA, Montra","326.80","20.00","14,216","Single","Connectros","Dahua","","DH-PFM979-DCP"
"","","ActionsToggle Dropdown Labels View Edit Delete Add or edit opening stock Product stock history Add or edit Group Prices Duplicate Product","Dahua Double Door Magnetic Lock 280Kg DHI-ASF280B-V2","Armazen, TECHSOL SU LDA, Montra","2,408.00","3,852.80","16","Single","Access Control Accessories","Dahua","","DHI-ASF280B-V1"
"","","ActionsToggle Dropdown Labels View Edit Delete Add or edit opening stock Product stock history Add or edit Group Prices Duplicate Product","Dahua Face Recognition Access Controller DHI-ASI6214S","Armazen, TECHSOL SU LDA, Montra","9,417.00","15,550.00","3","Single","Access Control","Dahua","","DHI-ASI6214S"
"","","ActionsToggle Dropdown Labels View Edit Delete Add or edit opening stock Product stock history Add or edit Group Prices Duplicate Product","Dahua Monitor 19.5&quot; VGA×1, HDMI×1 DHI-LM19-L200-V1","Armazen, TECHSOL SU LDA, Montra","3,698.00","6,000.00","28","Single","Monitor","Dahua","","DHI-LM19-L200N"
"","","ActionsToggle Dropdown Labels View Edit Delete Add or edit opening stock Product stock history Add or edit Group Prices Duplicate Product","Dahua Monitor 32&quot; VGA×1, HDMI×1 DHI-LM32-L200-V2","Armazen, TECHSOL SU LDA, Montra","9,350.00","14,950.00","16","Single","Monitor","Dahua","","DHI-LM32-F200"
"","","ActionsToggle Dropdown Labels View Edit Delete Add or edit opening stock Product stock history Add or edit Group Prices Duplicate Product","Dahua Password,Fingerprint Time Attendance standalone DHI-ASA1222E-S","Armazen, TECHSOL SU LDA, Montra","2,236.00","3,600.00","10","Single","Time Attendance","Dahua","","DHI-ASA1222E-S"
"","","ActionsToggle Dropdown Labels View Edit Delete Add or edit opening stock Product stock history Add or edit Group Prices Duplicate Product","Dahua Plastic Junction Box ( Wall ) DH-PFA12A","Armazen, TECHSOL SU LDA, Montra","76.50","150.00","871","Single","Junction Box","Dahua","","DH-PFA12A"
"","","ActionsToggle Dropdown Labels View Edit Delete Add or edit opening stock Product stock history Add or edit Group Prices Duplicate Product","Dahua POE Switch 16 × RJ-45 Gigabit (PoE) ports, 2 × RJ-45 Gigabit (uplink) ports and 2 ×  SFP Gigabit (uplink) ports DH-S3220-16GT-190","Armazen, TECHSOL SU LDA, Montra","6,496.44","10,400.00","23","Single","Switch Gigabit POE","Dahua","","DH-S3220-16GT-190"
"","","ActionsToggle Dropdown Labels View Edit Delete Add or edit opening stock Product stock history Add or edit Group Prices Duplicate Product","Dahua POE Switch 24 × RJ-45 Gigabit (PoE) ports, 2 × RJ-45 Gigabit (uplink) ports and 2 ×  SFP Gigabit (uplink) ports DH-S3228-24GT-240","Armazen, TECHSOL SU LDA, Montra","7,819.12","12,510.40","22","Single","Switch Gigabit POE","Dahua","","DH-S3228-24GT-240"
"","","ActionsToggle Dropdown Labels View Edit Delete Add or edit opening stock Product stock history Add or edit Group Prices Duplicate Product","Dahua Single Door Magnetic Lock 280Kg DHI-ASF280A-V1","Armazen, TECHSOL SU LDA, Montra","1,204.00","2,450.00","33","Single","Access Control Accessories","Dahua","","DHI-ASF280A-V1"
"","","ActionsToggle Dropdown Labels View Edit Delete Add or edit opening stock Product stock history Add or edit Group Prices Duplicate Product","Dahua UTP Cat6 305 Meters 23AWG 0.57 mm ± 0.01 mm CCA(Copper content 22%–31%) DH-PFM922I-6UN-C-blue","Armazen, TECHSOL SU LDA, Montra","2,623.00","4,950.00","1,028","Single","Cabo UTP Cat6","Dahua","","DH-PFM922I-6UN-C"
"","","ActionsToggle Dropdown Labels View Edit Delete Add or edit opening stock Product stock history Add or edit Group Prices Duplicate Product","Dahua UTP Cat6 305 Meters 23AWG 0.57 mm ± 0.01 mm High-purity oxygen-free 99.99% copper conductor DH-PFM920I-6UN-C-orange","Armazen, TECHSOL SU LDA, Montra","7,396.00","11,835.00","41","Single","Cabo UTP Cat6","Dahua","","DH-PFM920I-6UN-C"
"","","ActionsToggle Dropdown Labels View Edit Delete Add or edit opening stock Product stock history Add or edit Group Prices Duplicate Product","Dahua Video Intercom Kit Wi-Fi IP DHI-KTW02","Armazen, TECHSOL SU LDA, Montra","10,320.00","16,550.00","17","Single","Video Intercom IP","Dahua","","DHI-KTW02"
"","","ActionsToggle Dropdown Labels View Edit Delete Add or edit opening stock Product stock history Add or edit Group Prices Duplicate Product","Dahua Wi-Fi4 Router N300 DH-N3(DE)","Armazen, TECHSOL SU LDA, Montra","559.00","895.00","207","Single","Router Wi-Fi4","Dahua","","DH-N3"
"","","ActionsToggle Dropdown Labels View Edit Delete Add or edit opening stock Product stock history Add or edit Group Prices Duplicate Product","Dahua Wireless 4G Alarm KIT DHI-ART-ARC3800H-03-FW2","Armazen, TECHSOL SU LDA, Montra","12,341.00","19,745.60","10","Single","Alarm Sem Fio","Dahua","","DHI-ART-ARC3800H-03-FW2"
"","","ActionsToggle Dropdown Labels View Edit Delete Add or edit opening stock Product stock history Add or edit Group Prices Duplicate Product","Dahua Wireless Alarm Hub 2 4G Model）","Armazen, TECHSOL SU LDA, Montra","6,352.00","10,480.80","4","Single","Alarm Sem Fio","Dahua","","DHI-ARC3800H-FW2"
"","","ActionsToggle Dropdown Labels View Edit Delete Add or edit opening stock Product stock history Add or edit Group Prices Duplicate Product","Dahua Wireless door detector ARD333","Armazen, TECHSOL SU LDA, Montra","774.00","1,500.00","22","Single","","","","DHI-ARD333-W2"
"","","ActionsToggle Dropdown Labels View Edit Delete Add or edit opening stock Product stock history Add or edit Group Prices Duplicate Product","Dahua Wireless Dual-Tech PIR Detector DHI-ARD2231-W2","Armazen, TECHSOL SU LDA, Montra","2,236.00","3,575.00","26","Single","Alarm Sem Fio","Dahua","","DHI-ARD2231-W2"
"","","ActionsToggle Dropdown Labels View Edit Delete Add or edit opening stock Product stock history Add or edit Group Prices Duplicate Product","Dahua Wireless outdoor siren DHI-ARA13-W2","Armazen, TECHSOL SU LDA, Montra","3,010.00","4,850.00","20","Single","Alarm Sem Fio","Dahua","","DHI-ARA13-W2"
"","","ActionsToggle Dropdown Labels View Edit Delete Add or edit opening stock Product stock history Add or edit Group Prices Duplicate Product","Dahua ZL Magnetic Lock Supprt Baracket 280Kg DHI-ASF280ZL-V1","Armazen, TECHSOL SU LDA, Montra","430.00","688.00","21","Single","Access Control Accessories","Dahua","","DHI-ASF280ZL-V1"
"","","ActionsToggle Dropdown Labels View Edit Delete Add or edit opening stock Product stock history Add or edit Group Prices Duplicate Product","E-M18S/V1 Merlin Stealth M18S Energizer","Armazen, TECHSOL SU LDA, Montra","18,500.00","23,976.00","1","Single","fence","Nemtek","","E-M18S/V1"
"","","ActionsToggle Dropdown Labels View Edit Delete Add or edit opening stock Product stock history Add or edit Group Prices Duplicate Product","E-WIZ4I Wizord 4i","Armazen, TECHSOL SU LDA, Montra","11,800.00","13,737.60","5","Single","fence","Nemtek","","38689039940"
"","","ActionsToggle Dropdown Labels View Edit Delete Add or edit opening stock Product stock history Add or edit Group Prices Duplicate Product","ESQJ-6HDBA/S 6 Wire Square Tube Jurassic Bracket HDG with Black Slotted Bobbin Angled","Armazen, TECHSOL SU LDA, Montra","365.00","410.00","50","Single","fence","Nemtek","","ESQJ-6HDBA/S"
"","","ActionsToggle Dropdown Labels View Edit Delete Add or edit opening stock Product stock history Add or edit Group Prices Duplicate Product","EW-SS12/316/7 1.2mm 316 Solid Stainless Steel Wire 770m (Arame)","Armazen, TECHSOL SU LDA, Montra","5,500.00","6,300.00","5","Single","fence","Nemtek","","EW-SS12/316/7"
"","","ActionsToggle Dropdown Labels View Edit Delete Add or edit opening stock Product stock history Add or edit Group Prices Duplicate Product","Motor de portao D10 Smart 24v dc sliding gate operator kit","Armazen, TECHSOL SU LDA, Montra","45,980.00","58,486.56","1","Single","Motor de portao","Centurion","","D10 smart 24v Dc sliding doors"
"","","ActionsToggle Dropdown Labels View Edit Delete Add or edit opening stock Product stock history Add or edit Group Prices Duplicate Product","Motor de portao D5 EVO SMART 12V DC SLIDING DOORS","Armazen, TECHSOL SU LDA, Montra","27,900.00","29,862.00","2","Single","Motor de portao","Centurion","","D5 EVO SMART 12V DC SLIDING DOORS"
"","","ActionsToggle Dropdown Labels View Edit Delete Add or edit opening stock Product stock history Add or edit Group Prices Duplicate Product","NEEK Aluminum Wire 1.6mm 1000m 6.25 Kg","Armazen, TECHSOL SU LDA, Montra","3,550.00","4,147.20","13","Single","fence","Nemtek","","EW-AL16"
"","","ActionsToggle Dropdown Labels View Edit Delete Add or edit opening stock Product stock history Add or edit Group Prices Duplicate Product","NEEK Siren - 30W -12V DV","Armazen, TECHSOL SU LDA, Montra","1,350.00","1,750.00","7","Single","fence","Nemtek","","SR-30"
"","","ActionsToggle Dropdown Labels View Edit Delete Add or edit opening stock Product stock history Add or edit Group Prices Duplicate Product","NEEK SQ Tube - Jur 6 Line Galvanised Straight","Armazen, TECHSOL SU LDA, Montra","325.00","422.00","79","Single","fence","Nemtek","","ESQJ-6HDBS/S"
"","","ActionsToggle Dropdown Labels View Edit Delete Add or edit opening stock Product stock history Add or edit Group Prices Duplicate Product","NEEK Warning Sign - Yellow","Armazen, TECHSOL SU LDA, Montra","75.00","80.00","194","Single","fence","Nemtek","","EA-WRS2/N"
"","","ActionsToggle Dropdown Labels View Edit Delete Add or edit opening stock Product stock history Add or edit Group Prices Duplicate Product","PFM3350-1000  European Standard 230V - Line-interactive 1000VA/600W Uninterruptible Power Supply","Armazen, TECHSOL SU LDA, Montra","1,644.00","2,715.00","0","Single","UPS","Dahua","","DH-PFM3350-1000"
"","","ActionsToggle Dropdown Labels View Edit Delete Add or edit opening stock Product stock history Add or edit Group Prices Duplicate Product","Surveillance HDD Disco Rigido 1TB WD PURPLE WD10PURX-78","Armazen, TECHSOL SU LDA, Montra","3,840.00","7,700.00","3","Single","Disco HDD","Western Digital","","WD10PURX-78"
"","","ActionsToggle Dropdown Labels View Edit Delete Add or edit opening stock Product stock history Add or edit Group Prices Duplicate Product","Surveillance HDD Disco Rigido 2TB WD PURPLE WD20PURX-78","Armazen, TECHSOL SU LDA, Montra","7,395.00","10,440.00","6","Single","Disco HDD","Western Digital","","WD20PURX-78"
"","","ActionsToggle Dropdown Labels View Edit Delete Add or edit opening stock Product stock history Add or edit Group Prices Duplicate Product","Surveillance HDD Disco Rigido 4TB WD PURPLE WD40PURX-78","Armazen, TECHSOL SU LDA, Montra","18,750.00","22,000.00","20","Single","Disco HDD","Western Digital","","WD40PURX-78"
